Workbook

Sheet Instrucoes
A1: Planilha de testes | B1: Engenharia reversa / protótipo V1
A3: Objetivo | B3: Registrar testes de vazão, temperatura, pressão e tempos de ciclo.
A4: Como usar | B4: Preencha as células vazias; os cálculos aparecem automaticamente.
A5: Ordem sugerida | B5: Hidráulico → Temperatura → Pneumático → Aplicadores → Registro
A6: Unidades | B6: L, s, min, mmHg, °C
A7: Segurança | B7: Testar primeiro em bancada, não no corpo.
A8: GitHub | B8: Salvar em /docs/planilhas/ ou /tests/planilhas/.
A10: Campos sugeridos | B10: Sistema: Referência/Protótipo Configuração: unidade/mangueira/aplicador Aplicador: joelho/quadril/ombro/outro Repetições: mínimo 3 por condição

Sheet Resumo
A1: Resumo automático dos testes
A3: Métrica | B3: Valor | C3: Unidade | D3: Origem | F3: Aplicador | G3: Vazão média | H3: Tempo médio inflar | I3: ΔT médio
A4: Vazão média - saída livre | B4: =IFERROR(AVERAGEIF(Teste_Hidraulico!$G$5:$G$14,">0"),"") | C4: L/min | D4: Teste_Hidraulico | F4: Joelho | G4: =IFERROR(AVERAGEIFS(Teste_Aplicadores!$F$4:$F$40,Teste_Aplicadores!$C$4:$C$40,"Joelho"),"") | H4: =IFERROR(AVERAGEIFS(Teste_Aplicadores!$G$4:$G$40,Teste_Aplicadores!$C$4:$C$40,"Joelho"),"") | I4: =IFERROR(AVERAGEIFS(Teste_Aplicadores!$H$4:$H$40,Teste_Aplicadores!$C$4:$C$40,"Joelho"),"")
A5: Vazão média - com mangueira | B5: =IFERROR(AVERAGEIF(Teste_Hidraulico!$G$19:$G$28,">0"),"") | C5: L/min | D5: Teste_Hidraulico | F5: Quadril | G5: =IFERROR(AVERAGEIFS(Teste_Aplicadores!$F$4:$F$40,Teste_Aplicadores!$C$4:$C$40,"Quadril"),"") | H5: =IFERROR(AVERAGEIFS(Teste_Aplicadores!$G$4:$G$40,Teste_Aplicadores!$C$4:$C$40,"Quadril"),"") | I5: =IFERROR(AVERAGEIFS(Teste_Aplicadores!$H$4:$H$40,Teste_Aplicadores!$C$4:$C$40,"Quadril"),"")
A6: Vazão média - com aplicador | B6: =IFERROR(AVERAGEIF(Teste_Hidraulico!$G$33:$G$42,">0"),"") | C6: L/min | D6: Teste_Hidraulico | F6: Ombro | G6: =IFERROR(AVERAGEIFS(Teste_Aplicadores!$F$4:$F$40,Teste_Aplicadores!$C$4:$C$40,"Ombro"),"") | H6: =IFERROR(AVERAGEIFS(Teste_Aplicadores!$G$4:$G$40,Teste_Aplicadores!$C$4:$C$40,"Ombro"),"") | I6: =IFERROR(AVERAGEIFS(Teste_Aplicadores!$H$4:$H$40,Teste_Aplicadores!$C$4:$C$40,"Ombro"),"")
A7: ΔT médio (ida-retorno) | B7: =IFERROR(AVERAGEIF(Teste_Temperatura!$F$4:$F$20,">0"),"") | C7: °C | D7: Teste_Temperatura | F7: Outro | G7: =IFERROR(AVERAGEIFS(Teste_Aplicadores!$F$4:$F$40,Teste_Aplicadores!$C$4:$C$40,"Outro"),"") | H7: =IFERROR(AVERAGEIFS(Teste_Aplicadores!$G$4:$G$40,Teste_Aplicadores!$C$4:$C$40,"Outro"),"") | I7: =IFERROR(AVERAGEIFS(Teste_Aplicadores!$H$4:$H$40,Teste_Aplicadores!$C$4:$C$40,"Outro"),"")
A8: Tempo médio inflar | B8: =IFERROR(AVERAGEIF(Teste_Pneumatico!$D$4:$D$20,">0"),"") | C8: s | D8: Teste_Pneumatico
A9: Tempo médio desinflar | B9: =IFERROR(AVERAGEIF(Teste_Pneumatico!$E$4:$E$20,">0"),"") | C9: s | D9: Teste_Pneumatico
A10: Pressão média atingida | B10: =IFERROR(AVERAGEIF(Teste_Pneumatico!$F$4:$F$20,">0"),"") | C10: mmHg | D10: Teste_Pneumatico

Sheet Teste_Hidraulico
A1: Teste hidráulico – cálculo automático de vazão
A3: Data | B3: Sistema | C3: Configuração | D3: Aplicador | E3: Volume coletado (L) | F3: Tempo coleta (s) | G3: Vazão (L/min) | H3: Observação | I3: Status
A4: 1. Saída livre
A5: Data | B5: Sistema | C5: Configuração | D5: Aplicador | E5: Volume coletado (L) | F5: Tempo coleta (s) | G5: Vazão (L/min) | H5: Observação | I5: Status
G6: =IF(OR(E6="",F6=""),"",E6/F6*60) | I6: =IF(G6="","",IF(G6>0,"OK","Verificar"))
G7: =IF(OR(E7="",F7=""),"",E7/F7*60) | I7: =IF(G7="","",IF(G7>0,"OK","Verificar"))
G8: =IF(OR(E8="",F8=""),"",E8/F8*60) | I8: =IF(G8="","",IF(G8>0,"OK","Verificar"))
G9: =IF(OR(E9="",F9=""),"",E9/F9*60) | I9: =IF(G9="","",IF(G9>0,"OK","Verificar"))
G10: =IF(OR(E10="",F10=""),"",E10/F10*60) | I10: =IF(G10="","",IF(G10>0,"OK","Verificar"))
G11: =IF(OR(E11="",F11=""),"",E11/F11*60) | I11: =IF(G11="","",IF(G11>0,"OK","Verificar"))
G12: =IF(OR(E12="",F12=""),"",E12/F12*60) | I12: =IF(G12="","",IF(G12>0,"OK","Verificar"))
G13: =IF(OR(E13="",F13=""),"",E13/F13*60) | I13: =IF(G13="","",IF(G13>0,"OK","Verificar"))
G14: =IF(OR(E14="",F14=""),"",E14/F14*60) | I14: =IF(G14="","",IF(G14>0,"OK","Verificar"))
G15: =IF(OR(E15="",F15=""),"",E15/F15*60) | I15: =IF(G15="","",IF(G15>0,"OK","Verificar"))
A18: 2. Com mangueira
A19: Data | B19: Sistema | C19: Configuração | D19: Aplicador | E19: Volume coletado (L) | F19: Tempo coleta (s) | G19: Vazão (L/min) | H19: Observação | I19: Status
G20: =IF(OR(E20="",F20=""),"",E20/F20*60) | I20: =IF(G20="","",IF(G20>0,"OK","Verificar"))
G21: =IF(OR(E21="",F21=""),"",E21/F21*60) | I21: =IF(G21="","",IF(G21>0,"OK","Verificar"))
G22: =IF(OR(E22="",F22=""),"",E22/F22*60) | I22: =IF(G22="","",IF(G22>0,"OK","Verificar"))
G23: =IF(OR(E23="",F23=""),"",E23/F23*60) | I23: =IF(G23="","",IF(G23>0,"OK","Verificar"))
G24: =IF(OR(E24="",F24=""),"",E24/F24*60) | I24: =IF(G24="","",IF(G24>0,"OK","Verificar"))
G25: =IF(OR(E25="",F25=""),"",E25/F25*60) | I25: =IF(G25="","",IF(G25>0,"OK","Verificar"))
G26: =IF(OR(E26="",F26=""),"",E26/F26*60) | I26: =IF(G26="","",IF(G26>0,"OK","Verificar"))
G27: =IF(OR(E27="",F27=""),"",E27/F27*60) | I27: =IF(G27="","",IF(G27>0,"OK","Verificar"))
G28: =IF(OR(E28="",F28=""),"",E28/F28*60) | I28: =IF(G28="","",IF(G28>0,"OK","Verificar"))
G29: =IF(OR(E29="",F29=""),"",E29/F29*60) | I29: =IF(G29="","",IF(G29>0,"OK","Verificar"))
A32: 3. Com aplicador
A33: Data | B33: Sistema | C33: Configuração | D33: Aplicador | E33: Volume coletado (L) | F33: Tempo coleta (s) | G33: Vazão (L/min) | H33: Observação | I33: Status
G34: =IF(OR(E34="",F34=""),"",E34/F34*60) | I34: =IF(G34="","",IF(G34>0,"OK","Verificar"))
G35: =IF(OR(E35="",F35=""),"",E35/F35*60) | I35: =IF(G35="","",IF(G35>0,"OK","Verificar"))
G36: =IF(OR(E36="",F36=""),"",E36/F36*60) | I36: =IF(G36="","",IF(G36>0,"OK","Verificar"))
G37: =IF(OR(E37="",F37=""),"",E37/F37*60) | I37: =IF(G37="","",IF(G37>0,"OK","Verificar"))
G38: =IF(OR(E38="",F38=""),"",E38/F38*60) | I38: =IF(G38="","",IF(G38>0,"OK","Verificar"))
G39: =IF(OR(E39="",F39=""),"",E39/F39*60) | I39: =IF(G39="","",IF(G39>0,"OK","Verificar"))
G40: =IF(OR(E40="",F40=""),"",E40/F40*60) | I40: =IF(G40="","",IF(G40>0,"OK","Verificar"))
G41: =IF(OR(E41="",F41=""),"",E41/F41*60) | I41: =IF(G41="","",IF(G41>0,"OK","Verificar"))
G42: =IF(OR(E42="",F42=""),"",E42/F42*60) | I42: =IF(G42="","",IF(G42>0,"OK","Verificar"))
G43: =IF(OR(E43="",F43=""),"",E43/F43*60) | I43: =IF(G43="","",IF(G43>0,"OK","Verificar"))
A46: Nota | B46: Vazão (L/min) = Volume coletado (L) / Tempo (s) × 60

Sheet Teste_Pneumatico
A1: Teste pneumático – tempo de inflar, desinflar e pressão
A3: Data | B3: Sistema | C3: Aplicador | D3: Tempo inflar (s) | E3: Tempo desinflar (s) | F3: Pressão atingida (mmHg) | G3: Ciclo estável? | H3: Observação | I3: Status
I4: =IF(OR(D4="",E4=""),"",IF(AND(D4>0,E4>0),"OK","Verificar"))
I5: =IF(OR(D5="",E5=""),"",IF(AND(D5>0,E5>0),"OK","Verificar"))
I6: =IF(OR(D6="",E6=""),"",IF(AND(D6>0,E6>0),"OK","Verificar"))
I7: =IF(OR(D7="",E7=""),"",IF(AND(D7>0,E7>0),"OK","Verificar"))
I8: =IF(OR(D8="",E8=""),"",IF(AND(D8>0,E8>0),"OK","Verificar"))
I9: =IF(OR(D9="",E9=""),"",IF(AND(D9>0,E9>0),"OK","Verificar"))
I10: =IF(OR(D10="",E10=""),"",IF(AND(D10>0,E10>0),"OK","Verificar"))
I11: =IF(OR(D11="",E11=""),"",IF(AND(D11>0,E11>0),"OK","Verificar"))
I12: =IF(OR(D12="",E12=""),"",IF(AND(D12>0,E12>0),"OK","Verificar"))
I13: =IF(OR(D13="",E13=""),"",IF(AND(D13>0,E13>0),"OK","Verificar"))
I14: =IF(OR(D14="",E14=""),"",IF(AND(D14>0,E14>0),"OK","Verificar"))
I15: =IF(OR(D15="",E15=""),"",IF(AND(D15>0,E15>0),"OK","Verificar"))
... I20: =IF(OR(D20="",E20=""),"",IF(AND(D20>0,E20>0),"OK","Verificar"))
A22: Nota | B22: Se houver manômetro/sensor, preencha a pressão; se não houver, descreva a observação.

Sheet Teste_Temperatura
A1: Teste térmico – temperatura de ida, retorno e ΔT
A3: Data | B3: Sistema | C3: Aplicador | D3: Temp. ida (°C) | E3: Temp. retorno (°C) | F3: ΔT (°C) | G3: Tempo operação (min) | H3: Observação
F4: =IF(OR(D4="",E4=""),"",D4-E4)
F5: =IF(OR(D5="",E5=""),"",D5-E5)
F6: =IF(OR(D6="",E6=""),"",D6-E6)
F7: =IF(OR(D7="",E7=""),"",D7-E7)
F8: =IF(OR(D8="",E8=""),"",D8-E8)
F9: =IF(OR(D9="",E9=""),"",D9-E9)
F10: =IF(OR(D10="",E10=""),"",D10-E10)
F11: =IF(OR(D11="",E11=""),"",D11-E11)
F12: =IF(OR(D12="",E12=""),"",D12-E12)
F13: =IF(OR(D13="",E13=""),"",D13-E13)
F14: =IF(OR(D14="",E14=""),"",D14-E14)
F15: =IF(OR(D15="",E15=""),"",D15-E15)
... F20: =IF(OR(D20="",E20=""),"",D20-E20)
A22: Nota | B22: ΔT = temperatura de ida - temperatura de retorno.

Sheet Teste_Aplicadores
A1: Teste comparativo por aplicador
A3: Data | B3: Sistema | C3: Aplicador | D3: Configuração | E3: Volume (L) | F3: Vazão (L/min) | G3: Tempo inflar (s) | H3: ΔT (°C) | I3: Conforto/ajuste | J3: Observação
A22: Nota | B22: Use esta aba para consolidar os melhores resultados por aplicador.

Sheet Registro
A1: Registro geral / diário de bancada
A3: Data | B3: Sistema | C3: Etapa | D3: Configuração | E3: Resultado principal | F3: Problema encontrado | G3: Ação próxima
